{
	"format_version": "1.8.0",
	"animations": {
		"Left_Wave_Start": {
			"loop": "hold_on_last_frame",
			"animation_length": 0.35,
			"bones": {
				"leftarm": {
					"rotation": {
						"0.0": [0, 0, 0],
						"0.05": [0, 0, -10.76735],
						"0.1": [0, 0, -35.18364],
						"0.15": [0, 0, -66.07881],
						"0.2": [0, 0, -98.92119],
						"0.25": [0, 0, -129.81636],
						"0.3": [0, 0, -154.23265],
						"0.35": [0, 0, -165]
					}
				}
			}
		},
		"Left_Wave_End": {
			"loop": "hold_on_last_frame",
			"animation_length": 0.35,
			"bones": {
				"leftarm": {
					"rotation": {
						"0.0": [0, 0, -165],
						"0.05": [0, 0, -154.23265],
						"0.1": [0, 0, -129.81636],
						"0.15": [0, 0, -98.92119],
						"0.2": [0, 0, -66.07881],
						"0.25": [0, 0, -35.18364],
						"0.3": [0, 0, -10.76735],
						"0.35": [0, 0, 0]
					}
				}
			}
		},
		"Left_Wave_Loop": {
			"loop": true,
			"animation_length": 0.3,
			"loop_delay": "0",
			"bones": {
				"leftarm": {
					"rotation": {
						"0.0": [0, 0, -165],
						"0.05": [0, 0, -159.98274],
						"0.1": [0, 0, -135.01726],
						"0.15": [0, 0, -130],
						"0.2": [0, 0, -135.01726],
						"0.25": [0, 0, -159.98274],
						"0.3": [0, 0, -165]
					}
				}
			}
		}
	}
}